{"cameraMode":{"drawMode":0,"name":"Shaded","section":"Shading Mode"},"sceneLighting":true,"audioPlay":false,"sceneViewState":{"m_AlwaysRefresh":false,"showFog":true,"showSkybox":true,"showFlares":true,"showImageEffects":true,"showParticleSystems":true,"showVisualEffectGraphs":true,"m_FxEnabled":true},"in2DMode":false,"pivot":{"x":66.89733123779297,"y":45.792301177978519,"z":-87.73765563964844},"rotation":{"x":-0.37828007340431216,"y":0.04432932659983635,"z":-0.016977235674858094,"w":-0.9248709678649902},"size":49.64396667480469,"orthographic":false}